id	prediction
0	0
1	0
2	1
3	1
4	1
5	1
6	0
7	1
8	1
9	0
10	1
11	1
12	0
13	0
14	1
15	0
16	0
17	0
18	1
19	1
20	0
21	0
22	1
23	0
24	1
25	1
26	1
27	0
28	0
29	1
30	1
31	1
32	1
33	0
34	0
35	1
36	1
37	1
38	1
39	1
40	1
41	0
42	0
43	0
44	0
45	1
46	1
47	1
48	1
49	1
50	1
51	0
52	1
53	1
54	0
55	1
56	0
57	1
58	1
59	0
60	1
61	0
62	0
63	0
64	0
65	0
66	1
67	0
68	1
69	0
70	0
71	0
72	0
73	1
74	0
75	0
76	1
77	0
78	1
79	0
80	1
81	1
82	1
83	1
84	1
85	1
86	1
87	1
88	1
89	1
90	0
91	0
92	1
93	0
94	1
95	1
96	0
97	0
98	0
99	0
100	0
101	1
102	1
103	0
104	0
105	0
106	1
107	1
108	0
109	0
110	1
111	1
112	0
113	0
114	0
115	1
116	0
117	1
118	0
119	0
120	1
121	0
122	1
123	1
124	0
125	1
126	1
127	0
128	1
129	1
130	0
131	0
132	0
133	0
134	1
135	1
136	1
137	1
138	1
139	0
140	0
141	0
142	0
143	0
144	0
145	1
146	0
147	1
148	1
149	0
150	1
151	1
152	1
153	1
154	1
155	1
156	0
157	0
158	1
159	1
160	0
161	0
162	1
163	1
164	1
165	0
166	0
167	0
168	1
169	1
170	1
171	0
172	1
173	0
174	0
175	1
176	1
177	1
178	1
179	0
180	1
181	0
182	0
183	1
184	0
185	1
186	0
187	0
188	1
189	1
190	1
191	0
192	1
193	1
194	1
195	1
196	1
197	0
198	1
199	1
200	1
201	1
202	0
203	0
204	1
205	1
206	0
207	1
208	0
209	0
210	0
211	1
212	1
213	0
214	0
215	1
216	1
217	0
218	0
219	1
220	0
221	1
222	1
223	0
224	1
225	1
226	1
227	1
228	0
229	0
230	0
231	0
232	1
233	1
234	0
235	1
236	1
237	0
238	1
239	0
240	1
241	0
242	0
243	1
244	0
245	1
246	1
247	1
248	1
249	1
250	0
251	1
252	1
253	0
254	0
255	1
256	0
257	1
258	0
259	1
260	1
261	1
262	1
263	0
264	1
265	1
266	0
267	1
268	0
269	1
270	1
271	0
272	0
273	0
274	0
275	0
276	1
277	1
278	0
279	1
280	1
281	1
282	1
283	0
284	1
285	0
286	1
287	0
288	1
289	1
290	0
291	1
292	1
293	0
294	1
295	1
296	0
297	1
298	0
299	1
300	1
301	0
302	0
303	0
304	0
305	0
306	1
307	1
308	1
309	0
310	1
311	0
312	1
313	1
314	1
315	0
316	1
317	0
318	1
319	0
320	1
321	0
322	1
323	1
324	1
325	0
326	1
327	0
328	1
329	1
330	0
331	1
332	1
333	0
334	0
335	0
336	0
337	0
338	1
339	0
340	1
341	1
342	1
343	0
344	1
345	1
346	1
347	0
348	0
349	0
350	1
351	1
352	0
353	1
354	0
355	0
356	1
357	0
358	1
359	0
360	1
361	0
362	0
363	1
364	0
365	0
366	1
367	1
368	0
369	0
370	1
371	0
372	0
373	1
374	1
375	0
376	0
377	1
378	1
379	1
380	0
381	0
382	1
383	1
384	1
385	0
386	0
387	1
388	0
389	0
390	0
391	0
392	1
393	1
394	0
395	0
396	0
397	1
398	0
399	1
400	0
401	1
402	1
403	1
404	0
405	1
406	0
407	1
408	1
409	1
410	1
411	0
412	0
413	1
414	0
415	0
416	1
417	0
418	1
419	0
420	1
421	1
422	1
423	1
424	0
425	1
426	0
427	1
428	1
429	0
430	0
431	1
432	0
433	1
434	1
435	1
436	1
437	0
438	1
439	1
440	1
441	1
442	0
443	0
444	0
445	0
446	1
447	0
448	0
449	0
450	0
451	1
452	1
453	0
454	0
455	1
456	1
457	1
458	1
459	0
460	0
461	1
462	1
463	0
464	1
465	1
466	1
467	0
468	0
469	0
470	0
471	1
472	0
473	1
474	1
475	0
476	0
477	1
478	1
479	0
480	0
481	1
482	1
483	1
484	0
485	1
486	1
487	1
488	1
489	0
490	1
491	1
492	1
493	0
494	0
495	1
496	0
497	1
498	0
499	0
500	1
501	1
502	0
503	0
504	0
505	0
506	1
507	0
508	0
509	1
510	0
511	0
512	0
513	1
514	1
515	0
516	1
517	0
518	1
519	1
520	1
521	1
522	0
523	1
524	0
525	1
526	0
527	0
528	0
529	1
530	1
531	0
532	1
533	1
534	1
535	0
536	0
537	1
538	0
539	1
540	1
541	0
542	0
543	1
544	1
545	1
546	0
547	1
548	0
549	0
550	0
551	1
552	1
553	1
554	1
555	1
556	1
557	0
558	1
559	0
560	0
561	1
562	1
563	0
564	0
565	0
566	1
567	0
568	1
569	1
570	1
571	1
572	0
573	1
574	1
575	1
576	1
577	0
578	1
579	0
580	1
581	1
582	1
583	0
584	0
585	1
586	0
587	1
588	1
589	1
590	1
591	0
592	1
593	0
594	1
595	0
596	0
597	1
598	1
599	1
600	0
601	1
602	0
603	1
604	0
605	1
606	1
607	0
608	0
609	0
610	0
611	0
612	1
613	1
614	1
615	1
616	1
617	0
618	0
619	0
620	1
621	1
622	0
623	1
624	1
625	1
626	1
627	0
628	0
629	1
630	1
631	0
632	0
633	1
634	1
635	1
636	0
637	1
638	1
639	1
640	1
641	1
642	0
643	1
644	1
645	1
646	0
647	1
648	0
649	1
650	0
651	1
652	0
653	1
654	0
655	0
656	0
657	1
658	0
659	0
660	0
661	0
662	0
663	1
664	0
665	0
666	0
667	1
668	0
669	1
670	0
671	0
672	1
673	0
674	1
675	1
676	0
677	1
678	0
679	1
680	1
681	0
682	1
683	0
684	0
685	0
686	0
687	1
688	0
689	0
690	1
691	1
692	0
693	1
694	0
695	1
696	1
697	1
698	0
699	1
700	1
701	1
702	1
703	1
704	1
705	0
706	1
707	1
708	0
709	0
710	1
711	1
712	1
713	0
714	1
715	0
716	0
717	1
718	1
719	0
720	0
721	0
722	1
723	1
724	1
725	0
726	0
727	0
728	1
729	1
730	1
731	0
732	1
733	0
734	1
735	1
736	0
737	1
738	1
739	1
740	1
741	0
742	1
743	0
744	1
745	1
746	0
747	1
748	1
749	1
750	1
751	0
752	1
753	1
754	1
755	0
756	1
757	0
758	1
759	0
760	1
761	1
762	1
763	1
764	1
765	0
766	1
767	1
768	0
769	0
770	1
771	1
772	1
773	1
774	1
775	1
776	1
777	0
778	1
779	0
780	0
781	0
782	1
783	1
784	1
785	0
786	0
787	0
788	0
789	0
790	1
791	1
792	1
793	1
794	1
795	1
796	1
797	0
798	0
799	1
800	0
801	1
802	1
803	1
804	1
805	1
806	1
807	0
808	1
809	1
810	1
811	1
812	0
813	0
814	0
815	0
816	0
817	1
818	0
819	0
820	0
821	1
822	1
823	1
824	0
825	0
826	0
827	1
828	1
829	1
830	1
831	0
832	0
833	0
834	0
835	1
836	1
837	1
838	0
839	1
840	1
841	1
842	1
843	1
844	0
845	1
846	1
847	1
848	0
849	1
850	0
851	0
852	1
853	0
854	1
855	1
856	0
857	0
858	1
859	0
860	1
861	0
862	1
863	0
864	1
865	0
866	1
867	0
868	1
869	0
870	0
871	0
872	0
873	1
874	1
875	1
876	1
877	0
878	0
879	0
880	0
881	1
882	0
883	1
884	0
885	1
886	0
887	0
888	1
889	1
890	1
891	1
892	1
893	1
894	0
895	0
896	0
897	1
898	0
899	1
900	1
901	1
902	1
903	1
904	0
905	0
906	1
907	1
908	1
909	1
910	1
911	1
912	1
913	0
914	1
915	1
916	1
917	0
918	1
919	1
920	0
921	1
922	0
923	1
924	1
925	0
926	1
927	0
928	1
929	0
930	0
931	0
932	0
933	0
934	1
935	1
936	0
937	0
938	0
939	1
940	1
941	1
942	0
943	1
944	0
945	0
946	1
947	1
948	1
949	0
950	0
951	1
952	1
953	0
954	0
955	1
956	1
957	1
958	1
959	1
960	1
961	1
962	0
963	0
964	0
965	0
966	1
967	1
968	1
969	1
970	0
971	1
972	1
973	1
974	0
975	0
976	1
977	0
978	0
979	1
980	0
981	0
982	0
983	0
984	0
985	0
986	1
987	0
988	1
989	0
990	0
991	1
992	1
993	0
994	0
995	0
996	0
997	1
998	1
999	1
1000	0
1001	0
1002	0
1003	1
1004	0
1005	0
