QuestionPairID	prediction
1	0
2	1
3	1
4	1
5	0
6	0
7	0
8	1
9	1
10	1
11	0
12	1
13	1
14	0
15	0
16	1
17	0
18	0
19	0
20	1
21	0
22	1
23	0
24	0
25	1
26	1
27	1
28	1
29	1
30	1
31	0
32	0
33	1
34	0
35	0
36	1
37	1
38	1
39	1
40	0
41	1
42	1
43	0
44	0
45	0
46	0
47	0
48	0
49	1
50	0
51	0
52	1
53	0
54	1
55	0
56	0
57	0
58	0
59	0
60	0
61	1
62	0
63	0
64	1
65	0
66	1
67	0
68	1
69	0
70	0
71	1
72	0
73	0
74	1
75	0
76	0
77	1
78	1
79	0
80	0
81	0
82	0
83	0
84	0
85	1
86	1
87	0
88	0
89	0
90	0
91	1
92	1
93	1
94	0
95	1
96	0
97	0
98	0
99	1
100	0
101	1
102	0
103	0
104	1
105	0
106	0
107	0
108	1
109	0
110	0
111	0
112	0
113	1
114	0
115	1
116	0
117	0
118	0
119	1
120	0
121	1
122	0
123	0
124	0
125	0
126	0
127	1
128	0
129	0
130	0
131	0
132	1
133	0
134	1
135	1
136	1
137	0
138	0
139	0
140	0
141	0
142	0
143	0
144	1
145	0
146	1
147	0
148	1
149	0
150	0
151	0
152	0
153	0
154	0
155	1
156	0
157	0
158	0
159	0
160	0
161	1
162	1
163	1
164	0
165	1
166	0
167	0
168	1
169	1
170	1
171	1
172	0
173	0
174	0
175	0
176	0
177	1
178	0
179	1
180	1
181	1
182	1
183	0
184	0
185	0
186	0
187	1
188	1
189	1
190	0
191	0
192	0
193	1
194	0
195	0
196	0
197	1
198	0
199	0
200	1
201	1
202	0
203	0
204	1
205	0
206	1
207	1
208	0
209	0
210	0
211	1
212	0
213	1
214	1
215	0
216	1
217	1
218	0
219	1
220	1
221	1
222	0
223	1
224	0
225	1
226	0
227	0
228	1
229	0
230	1
231	0
232	1
233	0
234	0
235	1
236	1
237	1
238	0
239	0
240	0
241	0
242	0
243	0
244	1
245	1
246	0
247	1
248	0
249	1
250	0
251	1
252	0
253	0
254	0
255	1
256	1
257	0
258	1
259	0
260	0
261	0
262	0
263	1
264	0
265	0
266	0
267	1
268	1
269	0
270	1
271	1
272	0
273	1
274	0
275	1
276	0
277	0
278	1
279	1
280	0
281	1
282	0
283	0
284	1
285	1
286	1
287	1
288	0
289	1
290	1
291	0
292	1
293	1
294	0
295	1
296	0
297	0
298	0
299	0
300	0
301	0
302	0
303	0
304	1
305	1
306	0
307	1
308	0
309	0
310	0
311	0
312	0
313	0
314	1
315	0
316	1
317	1
318	0
319	0
320	1
321	1
322	1
323	0
324	1
325	1
326	1
327	1
328	1
329	1
330	1
331	0
332	0
333	0
334	0
335	1
336	1
337	1
338	0
339	1
340	0
341	0
342	0
343	0
344	0
345	1
346	0
347	1
348	1
349	0
350	0
351	0
352	1
353	1
354	0
355	0
356	0
357	1
358	1
359	1
360	0
361	0
362	1
363	0
364	0
365	0
366	1
367	1
368	0
369	1
370	0
371	0
372	0
373	0
374	1
375	0
376	1
377	0
378	0
379	1
380	0
381	0
382	0
383	0
384	0
385	0
386	0
387	1
388	1
389	0
390	0
391	0
392	0
393	1
394	0
395	1
396	1
397	0
398	1
399	1
400	1
401	0
402	0
403	0
404	0
405	0
406	1
407	1
408	0
409	1
410	0
411	1
412	0
413	1
414	0
415	0
416	0
417	1
418	1
419	1
420	1
421	1
422	0
423	1
424	0
425	1
426	0
427	1
428	0
429	0
430	1
431	1
432	1
433	1
434	1
435	0
436	1
437	1
438	1
439	1
440	1
441	1
442	0
443	0
444	1
445	0
446	0
447	0
448	1
449	0
450	0
451	0
452	1
453	0
454	0
455	1
456	0
457	1
458	0
459	0
460	0
461	0
462	0
463	0
464	1
465	1
466	0
467	0
468	1
469	0
470	0
471	1
472	0
473	0
474	0
475	1
476	1
477	0
478	0
479	0
480	1
481	1
482	0
483	0
484	0
485	0
486	0
487	1
488	0
489	1
490	0
491	0
492	1
493	0
494	1
495	0
496	1
497	0
498	0
499	0
500	1
501	0
502	0
503	0
504	0
505	1
506	0
507	0
508	1
509	0
510	1
511	1
512	1
513	0
514	1
515	1
516	0
517	0
518	0
519	1
520	1
521	0
522	1
523	0
524	1
525	1
526	1
527	1
528	0
529	0
530	0
531	0
532	0
533	1
534	0
535	1
536	1
537	1
538	0
539	1
540	0
541	0
542	0
543	0
544	0
545	0
546	1
547	0
548	1
549	0
550	0
551	1
552	1
553	1
554	0
555	0
556	0
557	0
558	1
559	0
560	0
561	1
562	0
563	1
564	0
565	1
566	0
567	1
568	1
569	1
570	1
571	0
572	0
573	0
574	0
575	0
576	1
577	1
578	0
579	1
580	0
581	1
582	1
583	1
584	0
585	0
586	0
587	0
588	0
589	1
590	1
591	1
592	0
593	1
594	0
595	0
596	1
597	0
598	0
599	1
600	1
601	0
602	1
603	0
604	1
605	0
606	0
607	0
608	1
609	0
610	0
611	0
612	1
613	0
614	0
615	0
616	0
617	0
618	1
619	1
620	0
621	0
622	1
623	1
624	0
625	1
626	1
627	1
628	0
629	0
630	1
631	0
632	1
633	0
634	1
635	1
636	0
637	1
638	1
639	1
640	1
641	0
642	1
643	0
644	0
645	1
646	0
647	0
648	0
649	1
650	0
651	0
652	0
653	1
654	1
655	0
656	0
657	0
658	1
659	0
660	1
661	0
662	1
663	1
664	0
665	0
666	1
667	1
668	1
669	0
670	0
671	0
672	0
673	1
674	0
675	0
676	0
677	1
678	0
679	0
680	1
681	1
682	0
683	0
684	0
685	0
686	0
687	1
688	0
689	0
690	0
691	0
692	0
693	0
694	0
695	1
696	0
697	1
698	0
699	1
700	0
701	0
702	0
703	1
704	0
705	0
706	1
707	1
708	0
709	0
710	1
711	0
712	1
713	0
714	1
715	0
716	0
717	1
718	0
719	0
720	0
721	0
722	1
723	1
724	0
725	0
726	1
727	1
728	1
729	1
730	0
731	1
732	1
733	0
734	0
735	1
736	1
737	1
738	1
739	0
740	1
741	0
742	1
743	0
744	0
745	0
746	0
747	1
748	0
749	0
750	0
751	1
752	1
753	1
754	1
755	0
756	1
757	1
758	0
759	1
760	0
761	1
762	0
763	1
764	0
765	0
766	0
767	0
768	0
769	1
770	1
771	1
772	1
773	0
774	0
775	0
776	0
777	0
778	1
779	0
780	0
781	0
782	0
783	0
784	0
785	0
786	0
787	1
788	1
789	0
790	1
791	0
792	0
793	0
794	0
795	0
796	0
797	1
798	0
799	0
800	1
801	1
802	1
803	1
804	0
805	0
806	1
807	1
808	0
809	0
810	0
811	1
812	0
813	1
814	0
815	0
816	1
817	1
818	1
819	0
820	1
821	0
822	0
823	0
824	0
825	0
826	0
827	1
828	0
829	0
830	0
831	1
832	0
833	1
834	0
835	1
836	0
837	1
838	0
839	1
840	1
841	0
842	0
843	0
844	1
845	1
846	0
847	1
848	0
849	1
850	1
851	0
852	0
853	1
854	1
855	0
856	1
857	0
858	0
859	0
860	0
861	1
862	1
863	1
864	0
865	0
866	1
867	0
868	0
869	1
870	0
871	0
872	0
873	0
874	0
875	0
876	1
877	0
878	0
879	1
880	0
881	1
882	0
883	0
884	1
885	0
886	0
887	0
888	1
889	0
890	0
891	0
892	0
893	0
894	0
895	0
896	0
897	0
898	0
899	1
900	0
901	0
902	1
903	0
904	0
905	0
906	0
907	0
908	0
909	1
910	1
911	1
912	1
913	1
914	1
915	1
916	1
917	0
918	0
919	0
920	0
921	0
922	0
923	0
924	0
925	0
926	0
927	1
928	0
929	1
930	1
931	1
932	0
933	0
934	0
935	0
936	1
937	0
938	1
939	1
940	0
941	0
942	0
943	0
944	1
945	1
946	0
947	0
948	1
949	0
950	0
951	1
952	0
953	1
954	0
955	1
956	1
957	0
958	1
959	1
960	0
961	0
962	0
963	0
964	1
965	0
966	1
967	0
968	0
969	0
970	1
971	0
972	0
973	1
974	0
975	1
976	0
977	1
978	0
979	0
980	0
981	1
982	0
983	0
984	0
985	1
986	1
987	1
988	0
989	0
990	0
991	1
992	0
993	1
994	0
995	0
996	1
997	1
998	0
999	1
1000	0
1001	1
1002	0
1003	1
1004	1
1005	0
1006	0
1007	1
1008	0
1009	0
1010	0
1011	0
1012	1
1013	0
1014	0
1015	1
1016	1
1017	0
1018	0
1019	0
1020	1
1021	1
1022	0
1023	1
1024	0
1025	1
1026	0
1027	0
1028	0
1029	1
1030	0
1031	0
1032	0
1033	0
1034	1
1035	0
1036	0
1037	0
1038	1
1039	1
1040	0
1041	0
1042	1
1043	0
1044	0
1045	1
1046	0
1047	0
1048	1
1049	0
1050	0
1051	1
1052	0
1053	0
1054	0
1055	0
1056	0
1057	1
1058	0
1059	0
1060	0
1061	0
1062	0
1063	0
1064	1
1065	0
1066	0
1067	1
1068	1
1069	0
1070	1
1071	1
1072	1
1073	1
1074	1
1075	1
1076	0
1077	0
1078	1
1079	0
1080	1
1081	1
1082	1
1083	0
1084	0
1085	1
1086	1
1087	0
1088	1
1089	0
1090	1
1091	0
1092	0
1093	0
1094	0
1095	0
1096	1
1097	1
1098	1
1099	1
1100	1
1101	0
1102	0
1103	0
1104	0
1105	1
1106	1
1107	1
1108	0
1109	0
1110	0
1111	0
1112	0
1113	0
1114	1
1115	0
1116	0
1117	1
1118	0
1119	0
1120	1
1121	0
1122	0
1123	1
1124	1
1125	1
1126	0
1127	1
1128	0
1129	1
1130	0
1131	1
1132	0
1133	0
1134	0
1135	0
1136	0
1137	0
1138	1
1139	0
1140	1
1141	1
1142	1
1143	0
1144	0
1145	1
1146	1
1147	0
1148	0
1149	0
1150	0
1151	0
1152	1
1153	1
1154	0
1155	1
1156	0
1157	1
1158	0
1159	1
1160	0
1161	0
1162	0
1163	1
1164	0
1165	0
1166	1
1167	0
1168	1
1169	0
1170	0
1171	0
1172	0
1173	1
1174	1
1175	1
1176	0
1177	0
1178	0
1179	0
1180	0
1181	1
1182	1
1183	1
1184	0
1185	0
1186	0
1187	1
1188	0
1189	0
1190	0
1191	1
1192	0
1193	0
1194	1
1195	0
1196	1
1197	1
1198	0
1199	1
1200	1
1201	0
1202	0
1203	1
1204	0
1205	1
1206	0
1207	0
1208	0
1209	1
1210	0
1211	0
1212	1
1213	1
1214	1
1215	0
1216	0
1217	1
1218	0
1219	1
1220	0
1221	0
1222	0
1223	1
1224	0
1225	1
1226	1
1227	0
1228	0
1229	0
1230	0
1231	0
1232	0
1233	0
1234	1
1235	0
1236	0
1237	1
1238	0
1239	0
1240	0
1241	0
1242	1
1243	0
1244	0
1245	0
1246	0
1247	0
1248	0
1249	0
1250	1
1251	1
1252	0
1253	0
1254	1
1255	0
1256	1
1257	0
1258	1
1259	1
1260	1
1261	0
1262	1
1263	0
1264	0
1265	0
1266	0
1267	0
1268	0
1269	0
1270	0
1271	0
1272	0
1273	1
1274	0
1275	0
1276	0
1277	0
1278	1
1279	0
1280	1
1281	1
1282	0
1283	1
1284	0
1285	0
1286	0
1287	0
1288	0
1289	0
1290	0
1291	0
1292	1
1293	0
1294	0
1295	0
1296	1
1297	1
1298	0
1299	1
1300	0
1301	1
1302	0
1303	1
1304	0
1305	0
1306	1
1307	0
1308	1
1309	0
1310	1
1311	1
1312	1
1313	0
1314	0
1315	0
1316	1
1317	0
1318	0
1319	1
1320	0
1321	0
1322	0
1323	1
1324	0
1325	0
1326	0
1327	0
1328	0
1329	0
1330	1
1331	0
1332	0
1333	1
1334	1
1335	1
1336	1
1337	0
1338	1
1339	0
1340	1
1341	1
1342	1
1343	1
1344	1
1345	1
1346	0
1347	0
1348	0
1349	1
1350	0
1351	0
1352	1
1353	0
1354	0
1355	1
1356	1
1357	0
1358	1
1359	0
1360	1
1361	1
1362	0
1363	0
1364	1
1365	0
1366	1
1367	0
1368	1
1369	0
1370	1
1371	0
1372	0
1373	1
1374	0
1375	1
1376	0
1377	1
1378	0
1379	1
1380	0
1381	1
1382	0
1383	0
1384	0
1385	0
1386	0
1387	1
1388	0
1389	1
1390	1
1391	1
1392	1
1393	0
1394	0
1395	0
1396	0
1397	0
1398	1
1399	0
1400	1
1401	0
1402	0
1403	0
1404	0
1405	1
1406	1
1407	0
1408	1
1409	1
1410	1
1411	1
1412	0
1413	1
1414	0
1415	1
1416	0
1417	0
1418	0
1419	1
1420	1
1421	0
1422	1
1423	0
1424	1
1425	0
1426	1
1427	1
1428	1
1429	0
1430	1
1431	1
1432	1
1433	0
1434	0
1435	1
1436	0
1437	0
1438	1
1439	1
1440	0
1441	1
1442	0
1443	1
1444	0
1445	0
1446	0
1447	0
1448	1
1449	0
1450	0
1451	0
1452	0
1453	1
1454	0
1455	0
1456	1
1457	0
1458	0
1459	1
1460	0
1461	1
1462	1
1463	1
1464	1
1465	1
1466	1
1467	0
1468	1
1469	0
1470	1
1471	0
1472	1
1473	0
1474	1
1475	0
1476	1
1477	0
1478	1
1479	1
1480	0
1481	0
1482	1
1483	0
1484	0
1485	0
1486	1
1487	0
1488	0
1489	1
1490	1
1491	0
1492	0
1493	1
1494	1
1495	1
1496	1
1497	0
1498	0
1499	0
1500	0
1501	1
1502	0
1503	1
1504	0
1505	1
1506	0
1507	0
1508	0
1509	0
1510	1
1511	0
1512	0
1513	1
1514	0
1515	1
1516	1
1517	1
1518	0
1519	1
1520	0
1521	0
1522	1
1523	1
1524	1
1525	0
1526	0
1527	0
1528	1
1529	1
1530	0
1531	0
1532	0
1533	0
1534	0
1535	1
1536	1
1537	0
1538	1
1539	0
1540	0
1541	1
1542	0
1543	1
1544	0
1545	1
1546	0
1547	0
1548	1
1549	0
1550	0
1551	1
1552	0
1553	0
1554	1
1555	0
1556	1
1557	0
1558	0
1559	1
1560	0
1561	1
1562	0
1563	1
1564	0
1565	1
1566	0
1567	1
1568	0
1569	0
1570	0
1571	0
1572	0
1573	0
1574	1
1575	0
1576	0
1577	0
1578	0
1579	0
1580	1
1581	1
1582	0
1583	0
1584	1
1585	0
1586	0
1587	0
1588	0
1589	0
1590	1
1591	1
1592	1
1593	0
1594	0
1595	0
1596	0
1597	1
1598	1
1599	0
1600	0
1601	1
1602	1
1603	0
1604	1
1605	0
1606	0
1607	1
1608	0
1609	0
1610	0
1611	1
1612	0
1613	1
1614	1
1615	0
1616	0
1617	0
1618	0
1619	0
1620	1
1621	0
1622	0
1623	0
1624	0
1625	0
1626	0
1627	0
1628	1
1629	1
1630	1
1631	1
1632	0
1633	0
1634	1
1635	1
1636	0
1637	0
1638	1
1639	0
1640	1
1641	0
1642	0
1643	0
1644	1
1645	0
1646	0
1647	0
1648	0
1649	1
1650	1
1651	1
1652	1
1653	0
1654	1
1655	0
1656	1
1657	0
1658	0
1659	0
1660	1
1661	1
1662	0
1663	1
1664	1
1665	0
1666	0
1667	0
1668	1
1669	1
1670	1
1671	0
1672	1
1673	1
1674	1
1675	0
1676	0
1677	0
1678	0
1679	0
1680	1
1681	0
1682	0
1683	1
1684	1
1685	1
1686	0
1687	1
1688	0
1689	0
1690	1
1691	1
1692	1
1693	1
1694	0
1695	0
1696	0
1697	1
1698	1
1699	0
1700	1
1701	0
1702	1
1703	1
1704	0
1705	0
1706	0
1707	0
1708	0
1709	0
1710	1
1711	1
1712	0
1713	1
1714	0
1715	0
1716	0
1717	1
1718	0
1719	0
1720	0
1721	1
1722	0
1723	0
1724	1
1725	1
1726	1
1727	0
1728	0
1729	1
1730	1
1731	1
1732	0
1733	1
1734	0
1735	1
1736	1
1737	0
1738	1
1739	0
1740	0
1741	0
1742	1
1743	0
1744	1
1745	1
1746	0
1747	0
1748	1
1749	1
1750	0
1751	1
1752	0
1753	0
1754	0
1755	0
1756	1
1757	0
1758	1
1759	0
1760	0
1761	0
1762	1
1763	0
1764	1
1765	0
1766	1
1767	1
1768	1
1769	1
1770	0
1771	1
1772	0
1773	0
1774	0
1775	0
1776	0
1777	0
1778	1
1779	1
1780	1
1781	0
1782	0
1783	1
1784	0
1785	1
1786	0
1787	0
1788	1
1789	1
1790	0
1791	1
1792	0
1793	0
1794	0
1795	0
1796	1
1797	0
1798	1
1799	1
1800	0
1801	1
1802	1
1803	0
1804	1
1805	1
1806	1
1807	0
1808	0
1809	1
1810	0
1811	0
1812	0
1813	0
1814	1
1815	0
1816	1
1817	1
1818	0
1819	1
1820	1
1821	0
1822	1
1823	0
1824	0
1825	0
1826	1
1827	0
1828	1
1829	0
1830	1
1831	0
1832	0
1833	0
1834	0
1835	1
1836	1
1837	0
1838	1
1839	0
1840	1
1841	0
1842	0
1843	1
1844	1
1845	1
1846	1
1847	1
1848	0
1849	1
1850	0
1851	0
1852	0
1853	0
1854	1
1855	1
1856	0
1857	0
1858	0
1859	0
1860	0
1861	1
1862	0
1863	1
1864	0
1865	0
1866	0
1867	1
1868	1
1869	1
1870	0
1871	0
1872	0
1873	1
1874	0
1875	0
1876	0
1877	1
1878	1
1879	0
1880	0
1881	0
1882	1
1883	1
1884	1
1885	0
1886	1
1887	0
1888	1
1889	1
1890	0
1891	1
1892	0
1893	0
1894	1
1895	1
1896	1
1897	0
1898	0
1899	1
1900	0
1901	0
1902	1
1903	0
1904	0
1905	1
1906	1
1907	1
1908	1
1909	0
1910	1
1911	1
1912	0
1913	1
1914	0
1915	0
1916	1
1917	0
1918	0
1919	1
1920	1
1921	0
1922	1
1923	1
1924	0
1925	0
1926	0
1927	0
1928	0
1929	1
1930	1
1931	0
1932	1
1933	0
1934	0
1935	0
1936	0
1937	1
1938	0
1939	1
1940	0
1941	1
1942	0
1943	1
1944	1
1945	1
1946	0
1947	1
1948	0
1949	0
1950	0
1951	1
1952	0
1953	0
1954	1
1955	0
1956	0
1957	0
1958	0
1959	1
1960	0
1961	1
1962	0
1963	1
1964	0
1965	0
1966	0
1967	1
1968	1
1969	0
1970	1
1971	0
1972	1
1973	1
1974	1
1975	1
1976	0
1977	0
1978	1
1979	0
1980	1
1981	0
1982	0
1983	1
1984	0
1985	0
1986	0
1987	1
1988	0
1989	1
1990	0
1991	0
1992	1
1993	1
1994	0
1995	1
1996	0
1997	0
1998	0
1999	1
2000	0
2001	1
2002	0
2003	0
2004	0
2005	0
2006	0
2007	1
2008	1
2009	0
2010	1
2011	0
2012	0
2013	0
2014	0
2015	1
2016	1
2017	0
2018	1
2019	0
2020	1
2021	0
2022	1
2023	1
2024	0
2025	1
2026	0
2027	0
2028	1
2029	1
2030	0
2031	1
2032	1
2033	0
2034	1
2035	0
2036	0
2037	0
2038	0
2039	1
2040	0
2041	0
2042	0
2043	1
2044	1
2045	0
2046	1
2047	0
2048	1
2049	0
2050	0
2051	1
2052	1
2053	0
2054	1
2055	1
2056	0
2057	1
2058	1
2059	0
2060	1
2061	1
2062	0
2063	1
2064	0
2065	0
2066	0
2067	0
2068	1
2069	0
2070	0
2071	0
2072	1
2073	1
2074	1
2075	0
2076	1
2077	1
2078	1
2079	1
2080	1
2081	1
2082	1
2083	0
2084	1
2085	0
2086	1
2087	1
2088	1
2089	0
2090	0
2091	0
2092	1
2093	1
2094	0
2095	0
2096	1
2097	0
2098	1
2099	1
2100	1
2101	0
2102	1
2103	0
2104	0
2105	1
2106	0
2107	1
2108	0
2109	1
2110	0
2111	0
2112	0
2113	0
2114	0
2115	0
2116	1
2117	0
2118	1
2119	0
2120	1
2121	1
2122	1
2123	1
2124	0
2125	1
2126	0
2127	1
2128	1
2129	0
2130	0
2131	0
2132	0
2133	0
2134	0
2135	1
2136	1
2137	0
2138	1
2139	0
2140	0
2141	0
2142	0
2143	0
2144	0
2145	1
2146	0
2147	1
2148	0
2149	0
2150	1
2151	0
2152	0
2153	0
2154	1
2155	1
2156	0
2157	0
2158	0
2159	0
2160	0
2161	0
2162	0
2163	0
2164	0
2165	1
2166	0
2167	1
2168	1
2169	0
2170	1
2171	0
2172	0
2173	1
2174	0
2175	0
2176	0
2177	1
2178	0
2179	0
2180	0
2181	1
2182	0
2183	0
2184	1
2185	0
2186	0
2187	1
2188	0
2189	1
2190	1
2191	0
2192	1
2193	1
2194	1
2195	0
2196	1
2197	0
2198	0
2199	1
2200	1
2201	1
2202	1
2203	0
2204	0
2205	0
2206	0
2207	0
2208	0
2209	1
2210	0
2211	1
2212	0
2213	1
2214	0
2215	0
2216	0
2217	0
2218	0
2219	0
2220	1
2221	0
2222	1
2223	1
2224	0
2225	0
2226	1
2227	1
2228	1
2229	0
2230	0
2231	0
2232	0
2233	1
2234	0
2235	1
2236	1
2237	1
2238	0
2239	0
2240	1
2241	0
2242	1
2243	1
2244	0
2245	1
2246	0
2247	1
2248	0
2249	1
2250	1
2251	0
2252	0
2253	1
2254	0
2255	1
2256	0
2257	0
2258	0
2259	1
2260	0
2261	0
2262	0
2263	0
2264	1
2265	0
2266	1
2267	0
2268	1
2269	0
2270	0
2271	1
2272	0
2273	1
2274	0
2275	0
2276	0
2277	0
2278	1
2279	0
2280	0
2281	0
2282	1
2283	1
2284	0
2285	0
2286	0
2287	0
2288	1
2289	0
2290	1
2291	0
2292	0
2293	1
2294	1
2295	0
2296	0
2297	0
2298	0
2299	0
2300	0
2301	0
2302	1
2303	0
2304	0
2305	1
2306	0
2307	0
2308	1
2309	1
2310	1
2311	1
2312	1
2313	1
2314	0
2315	1
2316	1
2317	0
2318	1
2319	0
2320	0
2321	1
2322	0
2323	1
2324	1
2325	0
2326	0
2327	0
2328	1
2329	0
2330	0
2331	0
2332	1
2333	0
2334	0
2335	0
2336	1
2337	0
2338	0
2339	1
2340	0
2341	0
2342	0
2343	1
2344	1
2345	0
2346	0
2347	0
2348	1
2349	1
2350	0
2351	0
2352	0
2353	0
2354	0
2355	0
2356	0
2357	1
2358	0
2359	1
2360	0
2361	0
2362	0
2363	1
2364	1
2365	1
2366	1
2367	0
2368	0
2369	1
2370	1
2371	1
2372	1
2373	1
2374	1
2375	0
2376	0
2377	1
2378	1
2379	1
2380	1
2381	0
2382	1
2383	1
2384	0
2385	0
2386	1
2387	1
2388	1
2389	1
2390	1
2391	0
2392	0
2393	0
2394	0
2395	0
2396	0
2397	1
2398	1
2399	0
2400	1
2401	1
2402	1
2403	0
2404	0
2405	0
2406	1
2407	1
2408	0
2409	1
2410	1
2411	0
2412	1
2413	1
2414	0
2415	0
2416	0
2417	0
2418	1
2419	0
2420	0
2421	0
2422	0
2423	0
2424	0
2425	0
2426	0
2427	0
2428	1
2429	0
2430	0
2431	0
2432	0
2433	1
2434	1
2435	1
2436	0
2437	0
2438	0
2439	0
2440	0
2441	1
2442	0
2443	0
2444	1
2445	0
2446	1
2447	1
2448	0
2449	0
2450	0
2451	0
2452	1
2453	0
2454	1
2455	0
2456	0
2457	1
2458	1
2459	0
2460	0
2461	0
2462	1
2463	0
2464	1
2465	0
2466	0
2467	1
2468	1
2469	1
2470	1
2471	0
2472	0
2473	0
2474	1
2475	0
2476	1
2477	0
2478	1
2479	0
2480	0
2481	0
2482	0
2483	0
2484	0
2485	1
2486	0
2487	0
2488	1
2489	1
2490	1
2491	0
2492	1
2493	1
2494	0
2495	1
2496	0
2497	0
2498	0
2499	0
2500	0
2501	1
2502	1
2503	0
2504	1
2505	1
2506	1
2507	1
2508	0
2509	0
2510	0
2511	0
2512	1
2513	0
2514	0
2515	0
2516	1
2517	0
2518	1
2519	0
2520	0
2521	0
2522	1
2523	0
2524	0
2525	0
2526	1
2527	1
2528	1
2529	1
2530	0
2531	1
2532	0
2533	1
2534	1
2535	0
2536	1
2537	1
2538	1
2539	1
2540	1
2541	0
2542	0
2543	0
2544	0
2545	1
2546	0
2547	0
2548	1
2549	1
2550	0
2551	0
2552	1
2553	1
2554	0
2555	0
2556	1
2557	1
2558	0
2559	0
2560	0
2561	1
2562	0
2563	0
2564	1
2565	1
2566	0
2567	1
2568	0
2569	0
2570	1
2571	0
2572	1
2573	0
2574	1
2575	1
2576	0
2577	0
2578	0
2579	0
2580	1
2581	1
2582	0
2583	0
2584	1
2585	0
2586	1
2587	0
2588	1
2589	1
2590	1
2591	0
2592	0
2593	1
2594	1
2595	0
2596	1
2597	0
2598	0
2599	1
2600	0
2601	1
2602	1
2603	0
2604	1
2605	1
2606	1
2607	0
2608	0
2609	0
2610	0
2611	0
2612	0
2613	0
2614	0
2615	1
2616	0
2617	1
2618	0
2619	1
2620	1
2621	1
2622	1
2623	1
2624	1
2625	0
2626	0
2627	0
2628	0
2629	1
2630	0
2631	1
2632	1
2633	1
2634	0
2635	0
2636	1
2637	1
2638	0
2639	0
2640	1
2641	0
2642	1
2643	1
2644	0
2645	1
2646	1
2647	0
2648	1
2649	1
2650	1
2651	1
2652	0
2653	0
2654	1
2655	0
2656	0
2657	1
2658	1
2659	0
2660	0
2661	0
2662	1
2663	0
2664	1
2665	1
2666	1
2667	0
2668	1
2669	0
2670	0
2671	1
2672	0
2673	1
2674	0
2675	0
2676	0
2677	0
2678	0
2679	1
2680	1
2681	1
2682	1
2683	0
2684	1
2685	0
2686	1
2687	0
2688	1
2689	0
2690	0
2691	1
2692	1
2693	0
2694	0
2695	1
2696	1
2697	1
2698	1
2699	0
2700	0
2701	1
2702	1
2703	0
2704	0
2705	0
2706	1
2707	0
2708	0
2709	1
2710	0
2711	1
2712	0
2713	0
2714	0
2715	1
2716	1
2717	1
2718	1
2719	0
2720	0
2721	0
2722	1
2723	1
2724	0
2725	0
2726	1
2727	0
2728	1
2729	0
2730	1
2731	0
2732	1
2733	1
2734	0
2735	1
2736	1
2737	1
2738	0
2739	0
2740	1
2741	0
2742	0
2743	1
2744	0
2745	0
2746	0
2747	1
2748	0
2749	0
2750	1
2751	1
2752	0
2753	0
2754	0
2755	0
2756	1
2757	0
2758	1
2759	0
2760	0
2761	0
2762	0
2763	0
2764	0
2765	1
2766	0
2767	1
2768	1
2769	0
2770	1
2771	1
2772	0
2773	0
2774	1
2775	0
2776	1
2777	1
2778	0
2779	1
2780	1
2781	1
2782	0
2783	0
2784	0
2785	0
2786	0
2787	0
2788	0
2789	0
2790	1
2791	0
2792	0
2793	0
2794	1
2795	0
2796	0
2797	1
2798	0
2799	0
2800	0
2801	0
2802	0
2803	1
2804	0
2805	1
2806	0
2807	0
2808	0
2809	0
2810	1
2811	0
2812	1
2813	0
2814	0
2815	1
2816	1
2817	0
2818	0
2819	1
2820	1
2821	0
2822	1
2823	1
2824	1
2825	1
2826	0
2827	0
2828	0
2829	1
2830	0
2831	0
2832	1
2833	1
2834	0
2835	1
2836	1
2837	0
2838	1
2839	0
2840	1
2841	1
2842	0
2843	0
2844	0
2845	1
2846	1
2847	0
2848	0
2849	1
2850	0
2851	0
2852	1
2853	0
2854	1
2855	0
2856	0
2857	0
2858	0
2859	1
2860	0
2861	0
2862	0
2863	1
2864	1
2865	1
2866	1
2867	0
2868	0
2869	0
2870	0
2871	0
2872	1
2873	0
2874	0
2875	0
2876	1
2877	0
2878	1
2879	0
2880	0
2881	1
2882	1
2883	1
2884	1
2885	0
2886	0
2887	0
2888	1
2889	0
2890	0
2891	0
2892	1
2893	0
2894	0
2895	0
2896	1
2897	1
2898	1
2899	0
2900	1
2901	1
2902	0
2903	1
2904	0
2905	0
2906	0
2907	1
2908	1
2909	1
2910	1
2911	1
2912	0
2913	0
2914	1
2915	0
2916	1
2917	1
2918	0
2919	1
2920	0
2921	1
2922	0
2923	1
2924	0
2925	0
2926	1
2927	0
2928	1
2929	1
2930	0
2931	0
2932	0
2933	1
2934	1
2935	1
2936	0
2937	1
2938	1
2939	1
2940	0
2941	1
2942	0
2943	1
2944	0
2945	0
2946	1
2947	0
2948	1
2949	0
2950	0
2951	0
2952	0
2953	1
2954	1
2955	0
2956	0
2957	0
2958	0
2959	0
2960	0
2961	0
2962	1
2963	0
2964	1
2965	1
2966	0
2967	0
2968	1
2969	0
2970	0
2971	0
2972	0
2973	0
2974	0
2975	0
2976	1
2977	1
2978	1
2979	0
2980	0
2981	0
2982	0
2983	1
2984	1
2985	1
2986	1
2987	1
2988	0
2989	0
2990	0
2991	1
2992	0
2993	0
2994	0
2995	0
2996	0
2997	1
2998	0
2999	0
3000	0
3001	0
3002	1
3003	0
3004	1
3005	0
3006	0
3007	1
3008	1
3009	0
3010	1
3011	1
3012	1
3013	1
3014	0
3015	1
3016	0
3017	1
3018	0
3019	1
3020	1
3021	0
3022	1
3023	1
3024	1
3025	0
3026	1
3027	0
3028	0
3029	1
3030	0
3031	1
3032	0
3033	0
3034	0
3035	1
3036	0
3037	0
3038	1
3039	1
3040	1
3041	1
3042	0
3043	0
3044	1
3045	0
3046	0
3047	0
3048	0
3049	1
3050	1
3051	1
3052	1
3053	0
3054	1
3055	1
3056	0
3057	0
3058	1
3059	0
3060	1
3061	1
3062	0
3063	0
3064	0
3065	0
3066	1
3067	0
3068	1
3069	0
3070	1
3071	1
3072	0
3073	1
3074	1
3075	1
3076	0
3077	0
3078	0
3079	1
3080	0
3081	0
3082	1
3083	0
3084	1
3085	0
3086	1
3087	0
3088	1
3089	0
3090	1
3091	0
3092	1
3093	0
3094	0
3095	1
3096	0
3097	1
3098	0
3099	1
3100	1
3101	1
3102	0
3103	0
3104	0
3105	1
3106	1
3107	0
3108	0
3109	1
3110	0
3111	0
3112	0
3113	1
3114	1
3115	0
3116	0
3117	0
3118	0
3119	0
3120	0
3121	0
3122	1
3123	1
3124	1
3125	0
3126	0
3127	1
3128	0
3129	0
3130	0
3131	1
3132	0
3133	1
3134	1
3135	0
3136	1
3137	1
3138	1
3139	1
3140	1
3141	1
3142	0
3143	0
3144	0
3145	1
3146	0
3147	1
3148	0
3149	0
3150	0
3151	1
3152	1
3153	0
3154	0
3155	0
3156	0
3157	1
3158	1
3159	1
3160	0
3161	0
3162	0
3163	0
3164	0
3165	0
3166	0
3167	1
3168	1
3169	1
3170	0
3171	0
3172	1
3173	0
3174	1
3175	0
3176	0
3177	1
3178	0
3179	1
3180	1
3181	0
3182	0
3183	0
3184	1
3185	1
3186	1
3187	0
3188	0
3189	1
3190	1
3191	1
3192	1
3193	1
3194	1
3195	1
3196	1
3197	0
3198	0
3199	0
3200	0
3201	0
3202	0
3203	0
3204	1
3205	1
3206	0
3207	1
3208	1
3209	0
3210	1
3211	1
3212	0
3213	1
3214	0
3215	0
3216	1
3217	0
3218	1
3219	0
3220	1
3221	0
3222	1
3223	0
3224	1
3225	0
3226	1
3227	0
3228	0
3229	0
3230	1
3231	0
3232	0
3233	0
3234	0
3235	1
3236	1
3237	1
3238	0
3239	1
3240	1
3241	1
3242	0
3243	1
3244	0
3245	0
3246	0
3247	1
3248	0
3249	1
3250	0
3251	0
3252	0
3253	1
3254	1
3255	0
3256	0
3257	1
3258	1
3259	1
3260	0
3261	1
3262	0
3263	0
3264	0
3265	1
3266	0
3267	0
3268	0
3269	1
3270	1
3271	1
3272	0
3273	0
3274	0
3275	0
3276	0
3277	1
3278	1
3279	0
3280	1
3281	0
3282	1
3283	1
3284	1
3285	1
3286	1
3287	0
3288	1
3289	0
3290	1
3291	0
3292	0
3293	0
3294	0
3295	0
3296	1
3297	1
3298	1
3299	0
3300	0
3301	1
3302	1
3303	0
3304	1
3305	0
3306	0
3307	0
3308	1
3309	1
3310	0
3311	0
3312	0
3313	1
3314	0
3315	1
3316	0
3317	0
3318	0
3319	0
3320	0
3321	1
3322	0
3323	1
3324	0
3325	0
3326	0
3327	0
3328	0
3329	0
3330	0
3331	1
3332	0
3333	0
3334	1
3335	0
3336	0
3337	0
3338	1
3339	0
3340	0
3341	1
3342	0
3343	1
3344	1
3345	1
3346	0
3347	0
3348	0
3349	1
3350	1
3351	0
3352	1
3353	0
3354	1
3355	1
3356	1
3357	0
3358	0
3359	0
3360	1
3361	1
3362	0
3363	1
3364	0
3365	1
3366	0
3367	0
3368	1
3369	0
3370	1
3371	0
3372	1
3373	0
3374	0
3375	0
3376	1
3377	1
3378	1
3379	0
3380	1
3381	0
3382	0
3383	1
3384	1
3385	0
3386	0
3387	1
3388	0
3389	0
3390	1
3391	0
3392	1
3393	1
3394	1
3395	0
3396	0
3397	0
3398	0
3399	0
3400	1
3401	1
3402	1
3403	1
3404	1
3405	1
3406	0
3407	0
3408	1
3409	1
3410	1
3411	1
3412	1
3413	0
3414	0
3415	0
3416	1
3417	0
3418	0
3419	1
3420	1
3421	1
3422	0
3423	1
3424	1
3425	1
3426	1
3427	0
3428	1
3429	0
3430	0
3431	0
3432	0
3433	1
3434	0
3435	1
3436	1
3437	0
3438	1
3439	0
3440	1
3441	0
3442	1
3443	1
3444	0
3445	0
3446	1
3447	1
3448	0
3449	0
3450	0
3451	1
3452	1
3453	0
3454	1
3455	1
3456	0
3457	1
3458	1
3459	0
3460	0
3461	1
3462	1
3463	0
3464	0
3465	0
3466	0
3467	0
3468	1
3469	1
3470	0
3471	1
3472	0
3473	0
3474	0
3475	0
3476	1
3477	1
3478	1
3479	0
3480	0
3481	0
3482	0
3483	1
3484	0
3485	0
3486	1
3487	0
3488	1
3489	0
3490	1
3491	0
3492	1
3493	1
3494	1
3495	0
3496	1
3497	0
3498	0
3499	0
3500	0
3501	0
3502	1
3503	1
3504	0
3505	0
3506	1
3507	0
3508	1
3509	0
3510	0
3511	1
3512	0
3513	0
3514	0
3515	0
3516	0
3517	0
3518	1
3519	0
3520	1
3521	0
3522	0
3523	0
3524	0
3525	1
3526	1
3527	1
3528	0
3529	1
3530	1
3531	1
3532	0
3533	1
3534	0
3535	1
3536	0
3537	0
3538	1
3539	0
3540	0
3541	0
3542	1
3543	0
3544	0
3545	0
3546	1
3547	0
3548	0
3549	0
3550	1
3551	1
3552	1
3553	1
3554	1
3555	0
3556	1
3557	0
3558	0
3559	0
3560	1
3561	1
3562	1
3563	1
3564	1
3565	0
3566	0
3567	0
3568	1
3569	0
3570	0
3571	0
3572	0
3573	1
3574	0
3575	0
3576	0
3577	0
3578	1
3579	1
3580	0
3581	0
3582	0
3583	0
3584	1
3585	1
3586	0
3587	0
3588	1
3589	1
3590	1
3591	0
3592	0
3593	1
3594	0
3595	0
3596	1
3597	1
3598	1
3599	0
3600	1
3601	1
3602	0
3603	0
3604	1
3605	0
3606	0
3607	0
3608	0
3609	1
3610	1
3611	1
3612	0
3613	0
3614	1
3615	0
3616	0
3617	0
3618	1
3619	1
3620	0
3621	1
3622	0
3623	1
3624	1
3625	0
3626	0
3627	1
3628	0
3629	1
3630	0
3631	1
3632	0
3633	0
3634	1
3635	0
3636	0
3637	0
3638	0
3639	0
3640	1
3641	1
3642	0
3643	0
3644	1
3645	1
3646	1
3647	1
3648	0
3649	1
3650	0
3651	1
3652	1
3653	0
3654	0
3655	0
3656	0
3657	0
3658	0
3659	1
3660	0
3661	0
3662	0
3663	0
3664	1
3665	0
3666	1
3667	0
3668	0
3669	1
3670	0
3671	0
3672	1
3673	0
3674	1
3675	0
3676	1
3677	1
3678	0
3679	0
3680	0
3681	1
3682	1
3683	1
3684	1
3685	0
3686	0
3687	0
3688	0
3689	0
3690	0
3691	1
3692	0
3693	1
3694	1
3695	0
3696	0
3697	1
3698	0
3699	0
3700	1
3701	0
3702	0
3703	0
3704	0
3705	1
3706	1
3707	0
3708	0
3709	1
3710	0
3711	1
3712	1
3713	0
3714	1
3715	1
3716	1
3717	0
3718	0
3719	0
3720	0
3721	0
3722	0
3723	0
3724	1
3725	0
3726	1
3727	1
3728	0
3729	0
3730	0
3731	0
3732	1
3733	1
3734	1
3735	0
3736	0
3737	1
3738	0
3739	1
3740	1
3741	0
3742	1
3743	0
3744	0
3745	0
3746	0
3747	1
3748	1
3749	0
3750	0
3751	0
3752	0
3753	0
3754	0
3755	0
3756	0
3757	1
3758	0
3759	0
3760	0
3761	1
3762	1
3763	0
3764	0
3765	1
3766	1
3767	1
3768	0
3769	1
3770	1
3771	0
3772	0
3773	1
3774	1
3775	0
3776	0
3777	0
3778	1
3779	1
3780	1
3781	1
3782	0
3783	0
3784	0
3785	1
3786	0
3787	0
3788	0
3789	0
3790	1
3791	1
3792	0
3793	0
3794	0
3795	1
3796	1
3797	1
3798	0
3799	0
3800	1
3801	0
3802	0
3803	1
3804	0
3805	1
3806	0
3807	1
3808	1
3809	1
3810	1
3811	0
3812	1
3813	1
3814	1
3815	0
3816	0
3817	0
3818	0
3819	0
3820	0
3821	1
3822	0
3823	1
3824	0
3825	0
3826	1
3827	1
3828	0
3829	1
3830	1
3831	1
3832	0
3833	1
3834	0
3835	1
3836	1
3837	1
3838	0
3839	0
3840	0
3841	0
3842	1
3843	0
3844	1
3845	1
3846	0
3847	1
3848	1
3849	1
3850	1
3851	1
3852	0
3853	1
3854	0
3855	1
3856	0
3857	1
3858	0
3859	1
3860	0
3861	0
3862	0
3863	0
3864	1
3865	1
3866	0
3867	1
3868	0
3869	1
3870	0
3871	1
3872	0
3873	0
3874	1
3875	0
3876	0
3877	1
3878	0
3879	0
3880	0
3881	1
3882	1
3883	0
3884	0
3885	0
3886	1
3887	0
3888	0
3889	1
3890	0
3891	1
3892	0
3893	0
3894	0
3895	1
3896	0
3897	1
3898	1
3899	1
3900	0
3901	0
3902	0
3903	0
3904	1
3905	0
3906	0
3907	0
3908	0
3909	1
3910	0
3911	0
3912	0
3913	0
3914	0
3915	0
3916	0
3917	1
3918	1
3919	0
3920	1
3921	0
3922	0
3923	0
3924	1
3925	1
3926	0
3927	1
3928	1
3929	0
3930	1
3931	1
3932	1
3933	0
3934	0
3935	0
3936	0
3937	0
3938	0
3939	0
3940	0
3941	1
3942	0
3943	0
3944	0
3945	1
3946	0
3947	1
3948	0
3949	1
3950	0
3951	1
3952	1
3953	0
3954	0
3955	0
3956	0
3957	0
3958	1
3959	0
3960	1
3961	0
3962	1
3963	0
3964	0
3965	0
3966	1
3967	0
3968	0
3969	1
3970	1
3971	0
3972	1
3973	1
3974	0
3975	0
3976	1
3977	1
3978	0
3979	1
3980	0
3981	0
3982	1
3983	0
3984	1
3985	0
3986	1
3987	0
3988	1
3989	1
3990	0
3991	0
3992	0
3993	0
3994	0
3995	1
3996	0
3997	0
3998	1
3999	1
4000	1
